StartTime,DataProvider,SettlementDate,SettlementPeriod,Price,Volume
2026-03-02T11:00:00Z,APXMIDP,2026-03-02,23,74.05,2657.350
2026-03-02T11:00:00Z,N2EXMIDP,2026-03-02,23,0.00,0.000
2026-03-02T10:30:00Z,APXMIDP,2026-03-02,22,81.96,2383.900
2026-03-02T10:30:00Z,N2EXMIDP,2026-03-02,22,0.00,0.000
2026-03-02T10:00:00Z,APXMIDP,2026-03-02,21,93.59,2244.550
2026-03-02T10:00:00Z,N2EXMIDP,2026-03-02,21,0.00,0.000
2026-03-02T09:30:00Z,APXMIDP,2026-03-02,20,95.07,2102.150
2026-03-02T09:30:00Z,N2EXMIDP,2026-03-02,20,0.00,0.000
2026-03-02T09:00:00Z,APXMIDP,2026-03-02,19,94.25,2465.400
2026-03-02T09:00:00Z,N2EXMIDP,2026-03-02,19,0.00,0.000
2026-03-02T08:30:00Z,APXMIDP,2026-03-02,18,95.97,2251.400
2026-03-02T08:30:00Z,N2EXMIDP,2026-03-02,18,0.00,0.000
2026-03-02T08:00:00Z,APXMIDP,2026-03-02,17,94.78,2113.300
2026-03-02T08:00:00Z,N2EXMIDP,2026-03-02,17,0.00,0.000
2026-03-02T07:30:00Z,APXMIDP,2026-03-02,16,102.71,2083.200
2026-03-02T07:30:00Z,N2EXMIDP,2026-03-02,16,0.00,0.000
2026-03-02T07:00:00Z,APXMIDP,2026-03-02,15,95.71,2228.850
2026-03-02T07:00:00Z,N2EXMIDP,2026-03-02,15,0.00,0.000
2026-03-02T06:30:00Z,APXMIDP,2026-03-02,14,90.41,2514.050
2026-03-02T06:30:00Z,N2EXMIDP,2026-03-02,14,0.00,0.000
2026-03-02T06:00:00Z,APXMIDP,2026-03-02,13,82.20,2042.750
2026-03-02T06:00:00Z,N2EXMIDP,2026-03-02,13,0.00,0.000
2026-03-02T05:30:00Z,APXMIDP,2026-03-02,12,78.26,1739.450
2026-03-02T05:30:00Z,N2EXMIDP,2026-03-02,12,0.00,0.000
2026-03-02T05:00:00Z,APXMIDP,2026-03-02,11,68.73,2069.550
2026-03-02T05:00:00Z,N2EXMIDP,2026-03-02,11,0.00,0.000
2026-03-02T04:30:00Z,APXMIDP,2026-03-02,10,49.13,2139.300
2026-03-02T04:30:00Z,N2EXMIDP,2026-03-02,10,0.00,0.000
2026-03-02T04:00:00Z,APXMIDP,2026-03-02,9,39.33,2033.700
2026-03-02T04:00:00Z,N2EXMIDP,2026-03-02,9,0.00,0.000
2026-03-02T03:30:00Z,APXMIDP,2026-03-02,8,34.10,2034.950
2026-03-02T03:30:00Z,N2EXMIDP,2026-03-02,8,0.00,0.000
2026-03-02T03:00:00Z,APXMIDP,2026-03-02,7,33.59,1947.100
2026-03-02T03:00:00Z,N2EXMIDP,2026-03-02,7,0.00,0.000
2026-03-02T02:30:00Z,APXMIDP,2026-03-02,6,20.63,1746.500
2026-03-02T02:30:00Z,N2EXMIDP,2026-03-02,6,0.00,0.000
2026-03-02T02:00:00Z,APXMIDP,2026-03-02,5,23.62,1976.000
2026-03-02T02:00:00Z,N2EXMIDP,2026-03-02,5,0.00,0.000
2026-03-02T01:30:00Z,APXMIDP,2026-03-02,4,22.66,1635.500
2026-03-02T01:30:00Z,N2EXMIDP,2026-03-02,4,0.00,0.000
2026-03-02T01:00:00Z,APXMIDP,2026-03-02,3,24.73,1494.700
2026-03-02T01:00:00Z,N2EXMIDP,2026-03-02,3,0.00,0.000
2026-03-02T00:30:00Z,APXMIDP,2026-03-02,2,29.32,1725.300
2026-03-02T00:30:00Z,N2EXMIDP,2026-03-02,2,0.00,0.000
2026-03-02T00:00:00Z,APXMIDP,2026-03-02,1,28.89,1910.650
2026-03-02T00:00:00Z,N2EXMIDP,2026-03-02,1,0.00,0.000
2026-03-01T23:30:00Z,APXMIDP,2026-03-01,48,30.35,2012.200
2026-03-01T23:30:00Z,N2EXMIDP,2026-03-01,48,0.00,0.000
2026-03-01T23:00:00Z,APXMIDP,2026-03-01,47,30.38,1762.450
2026-03-01T23:00:00Z,N2EXMIDP,2026-03-01,47,0.00,0.000
2026-03-01T22:30:00Z,APXMIDP,2026-03-01,46,35.70,2331.650
2026-03-01T22:30:00Z,N2EXMIDP,2026-03-01,46,0.00,0.000
2026-03-01T22:00:00Z,APXMIDP,2026-03-01,45,48.61,1932.600
2026-03-01T22:00:00Z,N2EXMIDP,2026-03-01,45,0.00,0.000
2026-03-01T21:30:00Z,APXMIDP,2026-03-01,44,54.22,1412.700
2026-03-01T21:30:00Z,N2EXMIDP,2026-03-01,44,0.00,0.000
2026-03-01T21:00:00Z,APXMIDP,2026-03-01,43,63.18,1650.450
2026-03-01T21:00:00Z,N2EXMIDP,2026-03-01,43,0.00,0.000
2026-03-01T20:30:00Z,APXMIDP,2026-03-01,42,63.50,2158.000
2026-03-01T20:30:00Z,N2EXMIDP,2026-03-01,42,0.00,0.000
2026-03-01T20:00:00Z,APXMIDP,2026-03-01,41,77.19,2280.300
2026-03-01T20:00:00Z,N2EXMIDP,2026-03-01,41,0.00,0.000
2026-03-01T19:30:00Z,APXMIDP,2026-03-01,40,71.54,2242.500
2026-03-01T19:30:00Z,N2EXMIDP,2026-03-01,40,0.00,0.000
2026-03-01T19:00:00Z,APXMIDP,2026-03-01,39,81.19,2561.650
2026-03-01T19:00:00Z,N2EXMIDP,2026-03-01,39,0.00,0.000
2026-03-01T18:30:00Z,APXMIDP,2026-03-01,38,85.69,3088.000
2026-03-01T18:30:00Z,N2EXMIDP,2026-03-01,38,0.00,0.000
2026-03-01T18:00:00Z,APXMIDP,2026-03-01,37,90.92,3595.300
2026-03-01T18:00:00Z,N2EXMIDP,2026-03-01,37,0.00,0.000
2026-03-01T17:30:00Z,APXMIDP,2026-03-01,36,96.65,2630.600
2026-03-01T17:30:00Z,N2EXMIDP,2026-03-01,36,0.00,0.000
2026-03-01T17:00:00Z,APXMIDP,2026-03-01,35,91.18,2470.800
2026-03-01T17:00:00Z,N2EXMIDP,2026-03-01,35,0.00,0.000
2026-03-01T16:30:00Z,APXMIDP,2026-03-01,34,82.71,2792.350
2026-03-01T16:30:00Z,N2EXMIDP,2026-03-01,34,0.00,0.000
2026-03-01T16:00:00Z,APXMIDP,2026-03-01,33,69.46,2645.300
2026-03-01T16:00:00Z,N2EXMIDP,2026-03-01,33,0.00,0.000
2026-03-01T15:30:00Z,APXMIDP,2026-03-01,32,67.58,2675.150
2026-03-01T15:30:00Z,N2EXMIDP,2026-03-01,32,0.00,0.000
2026-03-01T15:00:00Z,APXMIDP,2026-03-01,31,62.40,2962.000
2026-03-01T15:00:00Z,N2EXMIDP,2026-03-01,31,0.00,0.000
2026-03-01T14:30:00Z,APXMIDP,2026-03-01,30,20.97,2876.050
2026-03-01T14:30:00Z,N2EXMIDP,2026-03-01,30,0.00,0.000
2026-03-01T14:00:00Z,APXMIDP,2026-03-01,29,18.16,2830.750
2026-03-01T14:00:00Z,N2EXMIDP,2026-03-01,29,0.00,0.000
2026-03-01T13:30:00Z,APXMIDP,2026-03-01,28,7.03,2576.050
2026-03-01T13:30:00Z,N2EXMIDP,2026-03-01,28,0.00,0.000
2026-03-01T13:00:00Z,APXMIDP,2026-03-01,27,5.00,2505.400
2026-03-01T13:00:00Z,N2EXMIDP,2026-03-01,27,0.00,0.000
2026-03-01T12:30:00Z,APXMIDP,2026-03-01,26,3.78,3130.800
2026-03-01T12:30:00Z,N2EXMIDP,2026-03-01,26,0.00,0.000
2026-03-01T12:00:00Z,APXMIDP,2026-03-01,25,-2.29,2825.750
2026-03-01T12:00:00Z,N2EXMIDP,2026-03-01,25,0.00,0.000
2026-03-01T11:30:00Z,APXMIDP,2026-03-01,24,-4.14,2988.400
2026-03-01T11:30:00Z,N2EXMIDP,2026-03-01,24,0.00,0.000
2026-03-01T11:00:00Z,APXMIDP,2026-03-01,23,-4.24,2884.850
2026-03-01T11:00:00Z,N2EXMIDP,2026-03-01,23,0.00,0.000
2026-03-01T10:30:00Z,APXMIDP,2026-03-01,22,-2.80,2366.900
2026-03-01T10:30:00Z,N2EXMIDP,2026-03-01,22,0.00,0.000
2026-03-01T10:00:00Z,APXMIDP,2026-03-01,21,2.92,1857.600
2026-03-01T10:00:00Z,N2EXMIDP,2026-03-01,21,0.00,0.000
2026-03-01T09:30:00Z,APXMIDP,2026-03-01,20,6.30,2114.650
2026-03-01T09:30:00Z,N2EXMIDP,2026-03-01,20,0.00,0.000
2026-03-01T09:00:00Z,APXMIDP,2026-03-01,19,8.57,2094.400
2026-03-01T09:00:00Z,N2EXMIDP,2026-03-01,19,0.00,0.000
2026-03-01T08:30:00Z,APXMIDP,2026-03-01,18,15.81,2304.500
2026-03-01T08:30:00Z,N2EXMIDP,2026-03-01,18,0.00,0.000
2026-03-01T08:00:00Z,APXMIDP,2026-03-01,17,15.94,2204.850
2026-03-01T08:00:00Z,N2EXMIDP,2026-03-01,17,0.00,0.000
2026-03-01T07:30:00Z,APXMIDP,2026-03-01,16,23.08,2520.050
2026-03-01T07:30:00Z,N2EXMIDP,2026-03-01,16,0.00,0.000
2026-03-01T07:00:00Z,APXMIDP,2026-03-01,15,26.72,2418.700
2026-03-01T07:00:00Z,N2EXMIDP,2026-03-01,15,0.00,0.000
2026-03-01T06:30:00Z,APXMIDP,2026-03-01,14,29.47,1982.150
2026-03-01T06:30:00Z,N2EXMIDP,2026-03-01,14,0.00,0.000
2026-03-01T06:00:00Z,APXMIDP,2026-03-01,13,33.60,2181.250
2026-03-01T06:00:00Z,N2EXMIDP,2026-03-01,13,0.00,0.000
2026-03-01T05:30:00Z,APXMIDP,2026-03-01,12,36.99,2487.150
2026-03-01T05:30:00Z,N2EXMIDP,2026-03-01,12,0.00,0.000
2026-03-01T05:00:00Z,APXMIDP,2026-03-01,11,39.60,2397.300
2026-03-01T05:00:00Z,N2EXMIDP,2026-03-01,11,0.00,0.000
2026-03-01T04:30:00Z,APXMIDP,2026-03-01,10,42.37,2350.450
2026-03-01T04:30:00Z,N2EXMIDP,2026-03-01,10,0.00,0.000
2026-03-01T04:00:00Z,APXMIDP,2026-03-01,9,42.28,1843.350
2026-03-01T04:00:00Z,N2EXMIDP,2026-03-01,9,0.00,0.000
2026-03-01T03:30:00Z,APXMIDP,2026-03-01,8,43.41,1984.400
2026-03-01T03:30:00Z,N2EXMIDP,2026-03-01,8,0.00,0.000
2026-03-01T03:00:00Z,APXMIDP,2026-03-01,7,53.22,2167.100
2026-03-01T03:00:00Z,N2EXMIDP,2026-03-01,7,0.00,0.000
2026-03-01T02:30:00Z,APXMIDP,2026-03-01,6,63.41,2320.050
2026-03-01T02:30:00Z,N2EXMIDP,2026-03-01,6,0.00,0.000
2026-03-01T02:00:00Z,APXMIDP,2026-03-01,5,71.82,2288.400
2026-03-01T02:00:00Z,N2EXMIDP,2026-03-01,5,0.00,0.000
2026-03-01T01:30:00Z,APXMIDP,2026-03-01,4,76.91,2351.700
2026-03-01T01:30:00Z,N2EXMIDP,2026-03-01,4,0.00,0.000
2026-03-01T01:00:00Z,APXMIDP,2026-03-01,3,87.99,2577.500
2026-03-01T01:00:00Z,N2EXMIDP,2026-03-01,3,0.00,0.000
2026-03-01T00:30:00Z,APXMIDP,2026-03-01,2,89.36,2698.800
2026-03-01T00:30:00Z,N2EXMIDP,2026-03-01,2,0.00,0.000
2026-03-01T00:00:00Z,APXMIDP,2026-03-01,1,87.90,2244.900
2026-03-01T00:00:00Z,N2EXMIDP,2026-03-01,1,0.00,0.000
2026-02-28T23:30:00Z,APXMIDP,2026-02-28,48,89.33,2137.650
2026-02-28T23:30:00Z,N2EXMIDP,2026-02-28,48,0.00,0.000
2026-02-28T23:00:00Z,APXMIDP,2026-02-28,47,89.46,2607.100
2026-02-28T23:00:00Z,N2EXMIDP,2026-02-28,47,0.00,0.000
2026-02-28T22:30:00Z,APXMIDP,2026-02-28,46,88.31,2552.950
2026-02-28T22:30:00Z,N2EXMIDP,2026-02-28,46,0.00,0.000
2026-02-28T22:00:00Z,APXMIDP,2026-02-28,45,90.83,2331.400
2026-02-28T22:00:00Z,N2EXMIDP,2026-02-28,45,0.00,0.000
2026-02-28T21:30:00Z,APXMIDP,2026-02-28,44,87.25,2223.500
2026-02-28T21:30:00Z,N2EXMIDP,2026-02-28,44,0.00,0.000
2026-02-28T21:00:00Z,APXMIDP,2026-02-28,43,86.02,2133.900
2026-02-28T21:00:00Z,N2EXMIDP,2026-02-28,43,0.00,0.000
2026-02-28T20:30:00Z,APXMIDP,2026-02-28,42,83.36,2143.000
2026-02-28T20:30:00Z,N2EXMIDP,2026-02-28,42,0.00,0.000
2026-02-28T20:00:00Z,APXMIDP,2026-02-28,41,93.43,2610.000
2026-02-28T20:00:00Z,N2EXMIDP,2026-02-28,41,0.00,0.000
2026-02-28T19:30:00Z,APXMIDP,2026-02-28,40,102.09,2072.950
2026-02-28T19:30:00Z,N2EXMIDP,2026-02-28,40,0.00,0.000
2026-02-28T19:00:00Z,APXMIDP,2026-02-28,39,106.03,2396.950
2026-02-28T19:00:00Z,N2EXMIDP,2026-02-28,39,0.00,0.000
2026-02-28T18:30:00Z,APXMIDP,2026-02-28,38,108.13,2570.400
2026-02-28T18:30:00Z,N2EXMIDP,2026-02-28,38,0.00,0.000
2026-02-28T18:00:00Z,APXMIDP,2026-02-28,37,111.60,2617.000
2026-02-28T18:00:00Z,N2EXMIDP,2026-02-28,37,0.00,0.000
2026-02-28T17:30:00Z,APXMIDP,2026-02-28,36,108.39,2625.200
2026-02-28T17:30:00Z,N2EXMIDP,2026-02-28,36,0.00,0.000
2026-02-28T17:00:00Z,APXMIDP,2026-02-28,35,108.33,2628.450
2026-02-28T17:00:00Z,N2EXMIDP,2026-02-28,35,0.00,0.000
2026-02-28T16:30:00Z,APXMIDP,2026-02-28,34,104.23,2597.650
2026-02-28T16:30:00Z,N2EXMIDP,2026-02-28,34,0.00,0.000
2026-02-28T16:00:00Z,APXMIDP,2026-02-28,33,86.49,1907.150
2026-02-28T16:00:00Z,N2EXMIDP,2026-02-28,33,0.00,0.000
2026-02-28T15:30:00Z,APXMIDP,2026-02-28,32,76.14,2741.850
2026-02-28T15:30:00Z,N2EXMIDP,2026-02-28,32,0.00,0.000
2026-02-28T15:00:00Z,APXMIDP,2026-02-28,31,72.66,2813.700
2026-02-28T15:00:00Z,N2EXMIDP,2026-02-28,31,0.00,0.000
2026-02-28T14:30:00Z,APXMIDP,2026-02-28,30,67.92,3678.900
2026-02-28T14:30:00Z,N2EXMIDP,2026-02-28,30,0.00,0.000
2026-02-28T14:00:00Z,APXMIDP,2026-02-28,29,66.62,3741.100
2026-02-28T14:00:00Z,N2EXMIDP,2026-02-28,29,0.00,0.000
2026-02-28T13:30:00Z,APXMIDP,2026-02-28,28,63.59,3678.200
2026-02-28T13:30:00Z,N2EXMIDP,2026-02-28,28,0.00,0.000
2026-02-28T13:00:00Z,APXMIDP,2026-02-28,27,65.19,4145.000
2026-02-28T13:00:00Z,N2EXMIDP,2026-02-28,27,0.00,0.000
2026-02-28T12:30:00Z,APXMIDP,2026-02-28,26,64.71,4264.100
2026-02-28T12:30:00Z,N2EXMIDP,2026-02-28,26,0.00,0.000
2026-02-28T12:00:00Z,APXMIDP,2026-02-28,25,61.76,4164.100
2026-02-28T12:00:00Z,N2EXMIDP,2026-02-28,25,0.00,0.000
2026-02-28T11:30:00Z,APXMIDP,2026-02-28,24,59.36,3897.650
2026-02-28T11:30:00Z,N2EXMIDP,2026-02-28,24,0.00,0.000
2026-02-28T11:00:00Z,APXMIDP,2026-02-28,23,60.08,3431.550
2026-02-28T11:00:00Z,N2EXMIDP,2026-02-28,23,0.00,0.000
2026-02-28T10:30:00Z,APXMIDP,2026-02-28,22,63.73,2303.150
2026-02-28T10:30:00Z,N2EXMIDP,2026-02-28,22,0.00,0.000
2026-02-28T10:00:00Z,APXMIDP,2026-02-28,21,67.09,2052.750
2026-02-28T10:00:00Z,N2EXMIDP,2026-02-28,21,0.00,0.000
2026-02-28T09:30:00Z,APXMIDP,2026-02-28,20,71.44,2554.200
2026-02-28T09:30:00Z,N2EXMIDP,2026-02-28,20,0.00,0.000
2026-02-28T09:00:00Z,APXMIDP,2026-02-28,19,74.99,2047.950
2026-02-28T09:00:00Z,N2EXMIDP,2026-02-28,19,0.00,0.000
2026-02-28T08:30:00Z,APXMIDP,2026-02-28,18,83.48,2489.800
2026-02-28T08:30:00Z,N2EXMIDP,2026-02-28,18,0.00,0.000
2026-02-28T08:00:00Z,APXMIDP,2026-02-28,17,83.65,1842.250
2026-02-28T08:00:00Z,N2EXMIDP,2026-02-28,17,0.00,0.000
2026-02-28T07:30:00Z,APXMIDP,2026-02-28,16,77.73,1648.750
2026-02-28T07:30:00Z,N2EXMIDP,2026-02-28,16,0.00,0.000
2026-02-28T07:00:00Z,APXMIDP,2026-02-28,15,70.52,1464.200
2026-02-28T07:00:00Z,N2EXMIDP,2026-02-28,15,0.00,0.000
2026-02-28T06:30:00Z,APXMIDP,2026-02-28,14,70.78,1394.450
2026-02-28T06:30:00Z,N2EXMIDP,2026-02-28,14,0.00,0.000
2026-02-28T06:00:00Z,APXMIDP,2026-02-28,13,69.11,1334.900
2026-02-28T06:00:00Z,N2EXMIDP,2026-02-28,13,0.00,0.000
2026-02-28T05:30:00Z,APXMIDP,2026-02-28,12,67.62,1269.050
2026-02-28T05:30:00Z,N2EXMIDP,2026-02-28,12,0.00,0.000
2026-02-28T05:00:00Z,APXMIDP,2026-02-28,11,67.75,1270.500
2026-02-28T05:00:00Z,N2EXMIDP,2026-02-28,11,0.00,0.000
2026-02-28T04:30:00Z,APXMIDP,2026-02-28,10,70.51,1800.350
2026-02-28T04:30:00Z,N2EXMIDP,2026-02-28,10,0.00,0.000
2026-02-28T04:00:00Z,APXMIDP,2026-02-28,9,70.50,1951.400
2026-02-28T04:00:00Z,N2EXMIDP,2026-02-28,9,0.00,0.000
2026-02-28T03:30:00Z,APXMIDP,2026-02-28,8,71.12,1844.450
2026-02-28T03:30:00Z,N2EXMIDP,2026-02-28,8,0.00,0.000
2026-02-28T03:00:00Z,APXMIDP,2026-02-28,7,70.98,1802.250
2026-02-28T03:00:00Z,N2EXMIDP,2026-02-28,7,0.00,0.000
2026-02-28T02:30:00Z,APXMIDP,2026-02-28,6,74.36,1582.300
2026-02-28T02:30:00Z,N2EXMIDP,2026-02-28,6,0.00,0.000
2026-02-28T02:00:00Z,APXMIDP,2026-02-28,5,77.87,1582.050
2026-02-28T02:00:00Z,N2EXMIDP,2026-02-28,5,0.00,0.000
2026-02-28T01:30:00Z,APXMIDP,2026-02-28,4,78.35,1592.100
2026-02-28T01:30:00Z,N2EXMIDP,2026-02-28,4,0.00,0.000
2026-02-28T01:00:00Z,APXMIDP,2026-02-28,3,80.72,1536.800
2026-02-28T01:00:00Z,N2EXMIDP,2026-02-28,3,0.00,0.000
2026-02-28T00:30:00Z,APXMIDP,2026-02-28,2,84.05,1477.600
2026-02-28T00:30:00Z,N2EXMIDP,2026-02-28,2,0.00,0.000
2026-02-28T00:00:00Z,APXMIDP,2026-02-28,1,81.83,1221.250
2026-02-28T00:00:00Z,N2EXMIDP,2026-02-28,1,0.00,0.000
2026-02-27T23:30:00Z,APXMIDP,2026-02-27,48,76.25,1284.550
2026-02-27T23:30:00Z,N2EXMIDP,2026-02-27,48,0.00,0.000
2026-02-27T23:00:00Z,APXMIDP,2026-02-27,47,77.19,1166.400
2026-02-27T23:00:00Z,N2EXMIDP,2026-02-27,47,0.00,0.000
2026-02-27T22:30:00Z,APXMIDP,2026-02-27,46,77.19,2833.000
2026-02-27T22:30:00Z,N2EXMIDP,2026-02-27,46,0.00,0.000
2026-02-27T22:00:00Z,APXMIDP,2026-02-27,45,78.60,2825.750
2026-02-27T22:00:00Z,N2EXMIDP,2026-02-27,45,0.00,0.000
2026-02-27T21:30:00Z,APXMIDP,2026-02-27,44,80.42,3205.500
2026-02-27T21:30:00Z,N2EXMIDP,2026-02-27,44,0.00,0.000
2026-02-27T21:00:00Z,APXMIDP,2026-02-27,43,78.74,3206.850
2026-02-27T21:00:00Z,N2EXMIDP,2026-02-27,43,0.00,0.000
2026-02-27T20:30:00Z,APXMIDP,2026-02-27,42,80.24,2963.900
2026-02-27T20:30:00Z,N2EXMIDP,2026-02-27,42,0.00,0.000
2026-02-27T20:00:00Z,APXMIDP,2026-02-27,41,86.73,3510.800
2026-02-27T20:00:00Z,N2EXMIDP,2026-02-27,41,0.00,0.000
2026-02-27T19:30:00Z,APXMIDP,2026-02-27,40,89.82,3240.850
2026-02-27T19:30:00Z,N2EXMIDP,2026-02-27,40,0.00,0.000
2026-02-27T19:00:00Z,APXMIDP,2026-02-27,39,91.75,3806.150
2026-02-27T19:00:00Z,N2EXMIDP,2026-02-27,39,0.00,0.000
2026-02-27T18:30:00Z,APXMIDP,2026-02-27,38,99.37,4243.850
2026-02-27T18:30:00Z,N2EXMIDP,2026-02-27,38,0.00,0.000
2026-02-27T18:00:00Z,APXMIDP,2026-02-27,37,100.82,4514.000
2026-02-27T18:00:00Z,N2EXMIDP,2026-02-27,37,0.00,0.000
2026-02-27T17:30:00Z,APXMIDP,2026-02-27,36,106.88,4194.500
2026-02-27T17:30:00Z,N2EXMIDP,2026-02-27,36,0.00,0.000
2026-02-27T17:00:00Z,APXMIDP,2026-02-27,35,106.65,3760.750
2026-02-27T17:00:00Z,N2EXMIDP,2026-02-27,35,0.00,0.000
2026-02-27T16:30:00Z,APXMIDP,2026-02-27,34,103.16,3371.950
2026-02-27T16:30:00Z,N2EXMIDP,2026-02-27,34,0.00,0.000
2026-02-27T16:00:00Z,APXMIDP,2026-02-27,33,99.79,3777.200
2026-02-27T16:00:00Z,N2EXMIDP,2026-02-27,33,0.00,0.000
2026-02-27T15:30:00Z,APXMIDP,2026-02-27,32,91.15,4287.700
2026-02-27T15:30:00Z,N2EXMIDP,2026-02-27,32,0.00,0.000
2026-02-27T15:00:00Z,APXMIDP,2026-02-27,31,85.07,4008.100
2026-02-27T15:00:00Z,N2EXMIDP,2026-02-27,31,0.00,0.000
2026-02-27T14:30:00Z,APXMIDP,2026-02-27,30,82.35,3867.700
2026-02-27T14:30:00Z,N2EXMIDP,2026-02-27,30,0.00,0.000
2026-02-27T14:00:00Z,APXMIDP,2026-02-27,29,83.01,2924.050
2026-02-27T14:00:00Z,N2EXMIDP,2026-02-27,29,0.00,0.000
2026-02-27T13:30:00Z,APXMIDP,2026-02-27,28,83.15,3023.500
2026-02-27T13:30:00Z,N2EXMIDP,2026-02-27,28,0.00,0.000
2026-02-27T13:00:00Z,APXMIDP,2026-02-27,27,81.60,3172.000
2026-02-27T13:00:00Z,N2EXMIDP,2026-02-27,27,0.00,0.000
2026-02-27T12:30:00Z,APXMIDP,2026-02-27,26,80.28,2843.350
2026-02-27T12:30:00Z,N2EXMIDP,2026-02-27,26,0.00,0.000
2026-02-27T12:00:00Z,APXMIDP,2026-02-27,25,76.72,2822.950
2026-02-27T12:00:00Z,N2EXMIDP,2026-02-27,25,0.00,0.000
2026-02-27T11:30:00Z,APXMIDP,2026-02-27,24,72.38,3001.950
2026-02-27T11:30:00Z,N2EXMIDP,2026-02-27,24,0.00,0.000
2026-02-27T11:00:00Z,APXMIDP,2026-02-27,23,72.12,3355.300
2026-02-27T11:00:00Z,N2EXMIDP,2026-02-27,23,0.00,0.000
2026-02-27T10:30:00Z,APXMIDP,2026-02-27,22,71.67,3014.750
2026-02-27T10:30:00Z,N2EXMIDP,2026-02-27,22,0.00,0.000
2026-02-27T10:00:00Z,APXMIDP,2026-02-27,21,70.36,3219.250
2026-02-27T10:00:00Z,N2EXMIDP,2026-02-27,21,0.00,0.000
2026-02-27T09:30:00Z,APXMIDP,2026-02-27,20,70.23,3182.950
2026-02-27T09:30:00Z,N2EXMIDP,2026-02-27,20,0.00,0.000
2026-02-27T09:00:00Z,APXMIDP,2026-02-27,19,69.88,3091.700
2026-02-27T09:00:00Z,N2EXMIDP,2026-02-27,19,0.00,0.000
2026-02-27T08:30:00Z,APXMIDP,2026-02-27,18,72.16,2735.600
2026-02-27T08:30:00Z,N2EXMIDP,2026-02-27,18,0.00,0.000
2026-02-27T08:00:00Z,APXMIDP,2026-02-27,17,72.37,2609.500
2026-02-27T08:00:00Z,N2EXMIDP,2026-02-27,17,0.00,0.000
2026-02-27T07:30:00Z,APXMIDP,2026-02-27,16,70.38,3295.200
2026-02-27T07:30:00Z,N2EXMIDP,2026-02-27,16,0.00,0.000
2026-02-27T07:00:00Z,APXMIDP,2026-02-27,15,71.44,3370.650
2026-02-27T07:00:00Z,N2EXMIDP,2026-02-27,15,0.00,0.000
2026-02-27T06:30:00Z,APXMIDP,2026-02-27,14,77.17,3728.350
2026-02-27T06:30:00Z,N2EXMIDP,2026-02-27,14,0.00,0.000
2026-02-27T06:00:00Z,APXMIDP,2026-02-27,13,84.72,2952.900
2026-02-27T06:00:00Z,N2EXMIDP,2026-02-27,13,0.00,0.000
2026-02-27T05:30:00Z,APXMIDP,2026-02-27,12,80.93,2875.050
2026-02-27T05:30:00Z,N2EXMIDP,2026-02-27,12,0.00,0.000
2026-02-27T05:00:00Z,APXMIDP,2026-02-27,11,74.11,2707.150
2026-02-27T05:00:00Z,N2EXMIDP,2026-02-27,11,0.00,0.000
2026-02-27T04:30:00Z,APXMIDP,2026-02-27,10,61.61,2990.900
2026-02-27T04:30:00Z,N2EXMIDP,2026-02-27,10,0.00,0.000
2026-02-27T04:00:00Z,APXMIDP,2026-02-27,9,55.82,2844.350
2026-02-27T04:00:00Z,N2EXMIDP,2026-02-27,9,0.00,0.000
2026-02-27T03:30:00Z,APXMIDP,2026-02-27,8,48.59,2959.800
2026-02-27T03:30:00Z,N2EXMIDP,2026-02-27,8,0.00,0.000
2026-02-27T03:00:00Z,APXMIDP,2026-02-27,7,39.94,2691.250
2026-02-27T03:00:00Z,N2EXMIDP,2026-02-27,7,0.00,0.000
2026-02-27T02:30:00Z,APXMIDP,2026-02-27,6,29.56,2210.700
2026-02-27T02:30:00Z,N2EXMIDP,2026-02-27,6,0.00,0.000
2026-02-27T02:00:00Z,APXMIDP,2026-02-27,5,28.47,2318.950
2026-02-27T02:00:00Z,N2EXMIDP,2026-02-27,5,0.00,0.000
2026-02-27T01:30:00Z,APXMIDP,2026-02-27,4,29.54,2611.450
2026-02-27T01:30:00Z,N2EXMIDP,2026-02-27,4,0.00,0.000
2026-02-27T01:00:00Z,APXMIDP,2026-02-27,3,30.58,2215.950
2026-02-27T01:00:00Z,N2EXMIDP,2026-02-27,3,0.00,0.000
2026-02-27T00:30:00Z,APXMIDP,2026-02-27,2,30.20,2357.200
2026-02-27T00:30:00Z,N2EXMIDP,2026-02-27,2,0.00,0.000
2026-02-27T00:00:00Z,APXMIDP,2026-02-27,1,27.73,2380.750
2026-02-27T00:00:00Z,N2EXMIDP,2026-02-27,1,0.00,0.000
2026-02-26T23:30:00Z,APXMIDP,2026-02-26,48,27.30,2700.250
2026-02-26T23:30:00Z,N2EXMIDP,2026-02-26,48,0.00,0.000
2026-02-26T23:00:00Z,APXMIDP,2026-02-26,47,26.54,2738.850
2026-02-26T23:00:00Z,N2EXMIDP,2026-02-26,47,0.00,0.000
2026-02-26T22:30:00Z,APXMIDP,2026-02-26,46,35.86,4132.750
2026-02-26T22:30:00Z,N2EXMIDP,2026-02-26,46,0.00,0.000
2026-02-26T22:00:00Z,APXMIDP,2026-02-26,45,39.54,3311.750
2026-02-26T22:00:00Z,N2EXMIDP,2026-02-26,45,0.00,0.000
2026-02-26T21:30:00Z,APXMIDP,2026-02-26,44,47.01,3407.550
2026-02-26T21:30:00Z,N2EXMIDP,2026-02-26,44,0.00,0.000
2026-02-26T21:00:00Z,APXMIDP,2026-02-26,43,57.14,3742.900
2026-02-26T21:00:00Z,N2EXMIDP,2026-02-26,43,0.00,0.000
2026-02-26T20:30:00Z,APXMIDP,2026-02-26,42,63.60,3508.450
2026-02-26T20:30:00Z,N2EXMIDP,2026-02-26,42,0.00,0.000
2026-02-26T20:00:00Z,APXMIDP,2026-02-26,41,71.93,3386.900
2026-02-26T20:00:00Z,N2EXMIDP,2026-02-26,41,0.00,0.000
2026-02-26T19:30:00Z,APXMIDP,2026-02-26,40,71.95,3349.100
2026-02-26T19:30:00Z,N2EXMIDP,2026-02-26,40,0.00,0.000
2026-02-26T19:00:00Z,APXMIDP,2026-02-26,39,71.35,3515.800
2026-02-26T19:00:00Z,N2EXMIDP,2026-02-26,39,0.00,0.000
2026-02-26T18:30:00Z,APXMIDP,2026-02-26,38,82.36,3954.000
2026-02-26T18:30:00Z,N2EXMIDP,2026-02-26,38,0.00,0.000
2026-02-26T18:00:00Z,APXMIDP,2026-02-26,37,80.52,3678.900
2026-02-26T18:00:00Z,N2EXMIDP,2026-02-26,37,0.00,0.000
2026-02-26T17:30:00Z,APXMIDP,2026-02-26,36,81.39,3509.550
2026-02-26T17:30:00Z,N2EXMIDP,2026-02-26,36,0.00,0.000
2026-02-26T17:00:00Z,APXMIDP,2026-02-26,35,74.17,3146.550
2026-02-26T17:00:00Z,N2EXMIDP,2026-02-26,35,0.00,0.000
2026-02-26T16:30:00Z,APXMIDP,2026-02-26,34,80.44,2546.700
2026-02-26T16:30:00Z,N2EXMIDP,2026-02-26,34,0.00,0.000
2026-02-26T16:00:00Z,APXMIDP,2026-02-26,33,69.29,2466.500
2026-02-26T16:00:00Z,N2EXMIDP,2026-02-26,33,0.00,0.000
2026-02-26T15:30:00Z,APXMIDP,2026-02-26,32,64.15,2300.450
2026-02-26T15:30:00Z,N2EXMIDP,2026-02-26,32,0.00,0.000
2026-02-26T15:00:00Z,APXMIDP,2026-02-26,31,61.04,2323.700
2026-02-26T15:00:00Z,N2EXMIDP,2026-02-26,31,0.00,0.000
2026-02-26T14:30:00Z,APXMIDP,2026-02-26,30,49.71,4023.600
2026-02-26T14:30:00Z,N2EXMIDP,2026-02-26,30,0.00,0.000
2026-02-26T14:00:00Z,APXMIDP,2026-02-26,29,52.93,4348.600
2026-02-26T14:00:00Z,N2EXMIDP,2026-02-26,29,0.00,0.000
2026-02-26T13:30:00Z,APXMIDP,2026-02-26,28,50.54,4128.100
2026-02-26T13:30:00Z,N2EXMIDP,2026-02-26,28,0.00,0.000
2026-02-26T13:00:00Z,APXMIDP,2026-02-26,27,48.70,3815.000
2026-02-26T13:00:00Z,N2EXMIDP,2026-02-26,27,0.00,0.000
2026-02-26T12:30:00Z,APXMIDP,2026-02-26,26,47.62,3843.700
2026-02-26T12:30:00Z,N2EXMIDP,2026-02-26,26,0.00,0.000
2026-02-26T12:00:00Z,APXMIDP,2026-02-26,25,51.91,4153.200
2026-02-26T12:00:00Z,N2EXMIDP,2026-02-26,25,0.00,0.000
2026-02-26T11:30:00Z,APXMIDP,2026-02-26,24,47.04,3664.750
2026-02-26T11:30:00Z,N2EXMIDP,2026-02-26,24,0.00,0.000
2026-02-26T11:00:00Z,APXMIDP,2026-02-26,23,47.64,3459.350
2026-02-26T11:00:00Z,N2EXMIDP,2026-02-26,23,0.00,0.000
2026-02-26T10:30:00Z,APXMIDP,2026-02-26,22,49.82,3264.750
2026-02-26T10:30:00Z,N2EXMIDP,2026-02-26,22,0.00,0.000
2026-02-26T10:00:00Z,APXMIDP,2026-02-26,21,46.61,2457.300
2026-02-26T10:00:00Z,N2EXMIDP,2026-02-26,21,0.00,0.000
2026-02-26T09:30:00Z,APXMIDP,2026-02-26,20,46.04,1899.850
2026-02-26T09:30:00Z,N2EXMIDP,2026-02-26,20,0.00,0.000
2026-02-26T09:00:00Z,APXMIDP,2026-02-26,19,50.17,2132.050
2026-02-26T09:00:00Z,N2EXMIDP,2026-02-26,19,0.00,0.000
2026-02-26T08:30:00Z,APXMIDP,2026-02-26,18,53.88,2256.950
2026-02-26T08:30:00Z,N2EXMIDP,2026-02-26,18,0.00,0.000
2026-02-26T08:00:00Z,APXMIDP,2026-02-26,17,51.24,2226.300
2026-02-26T08:00:00Z,N2EXMIDP,2026-02-26,17,0.00,0.000
2026-02-26T07:30:00Z,APXMIDP,2026-02-26,16,63.38,2591.600
2026-02-26T07:30:00Z,N2EXMIDP,2026-02-26,16,0.00,0.000
2026-02-26T07:00:00Z,APXMIDP,2026-02-26,15,66.68,2413.150
2026-02-26T07:00:00Z,N2EXMIDP,2026-02-26,15,0.00,0.000
2026-02-26T06:30:00Z,APXMIDP,2026-02-26,14,54.16,3121.600
2026-02-26T06:30:00Z,N2EXMIDP,2026-02-26,14,0.00,0.000
2026-02-26T06:00:00Z,APXMIDP,2026-02-26,13,47.94,3443.850
2026-02-26T06:00:00Z,N2EXMIDP,2026-02-26,13,0.00,0.000
2026-02-26T05:30:00Z,APXMIDP,2026-02-26,12,36.25,3192.950
2026-02-26T05:30:00Z,N2EXMIDP,2026-02-26,12,0.00,0.000
2026-02-26T05:00:00Z,APXMIDP,2026-02-26,11,14.14,2647.000
2026-02-26T05:00:00Z,N2EXMIDP,2026-02-26,11,0.00,0.000
2026-02-26T04:30:00Z,APXMIDP,2026-02-26,10,8.50,2843.550
2026-02-26T04:30:00Z,N2EXMIDP,2026-02-26,10,0.00,0.000
2026-02-26T04:00:00Z,APXMIDP,2026-02-26,9,10.11,2535.900
2026-02-26T04:00:00Z,N2EXMIDP,2026-02-26,9,0.00,0.000
2026-02-26T03:30:00Z,APXMIDP,2026-02-26,8,9.19,2581.800
2026-02-26T03:30:00Z,N2EXMIDP,2026-02-26,8,0.00,0.000
2026-02-26T03:00:00Z,APXMIDP,2026-02-26,7,15.95,2534.800
2026-02-26T03:00:00Z,N2EXMIDP,2026-02-26,7,0.00,0.000
2026-02-26T02:30:00Z,APXMIDP,2026-02-26,6,28.28,2872.800
2026-02-26T02:30:00Z,N2EXMIDP,2026-02-26,6,0.00,0.000
2026-02-26T02:00:00Z,APXMIDP,2026-02-26,5,32.36,2957.150
2026-02-26T02:00:00Z,N2EXMIDP,2026-02-26,5,0.00,0.000
2026-02-26T01:30:00Z,APXMIDP,2026-02-26,4,36.97,2947.150
2026-02-26T01:30:00Z,N2EXMIDP,2026-02-26,4,0.00,0.000
2026-02-26T01:00:00Z,APXMIDP,2026-02-26,3,42.02,2660.900
2026-02-26T01:00:00Z,N2EXMIDP,2026-02-26,3,0.00,0.000
2026-02-26T00:30:00Z,APXMIDP,2026-02-26,2,47.68,1971.100
2026-02-26T00:30:00Z,N2EXMIDP,2026-02-26,2,0.00,0.000
2026-02-26T00:00:00Z,APXMIDP,2026-02-26,1,51.40,1626.100
2026-02-26T00:00:00Z,N2EXMIDP,2026-02-26,1,0.00,0.000
2026-02-25T23:30:00Z,APXMIDP,2026-02-25,48,56.92,1519.700
2026-02-25T23:30:00Z,N2EXMIDP,2026-02-25,48,0.00,0.000
2026-02-25T23:00:00Z,APXMIDP,2026-02-25,47,62.65,1711.500
2026-02-25T23:00:00Z,N2EXMIDP,2026-02-25,47,0.00,0.000
2026-02-25T22:30:00Z,APXMIDP,2026-02-25,46,68.28,2549.650
2026-02-25T22:30:00Z,N2EXMIDP,2026-02-25,46,0.00,0.000
2026-02-25T22:00:00Z,APXMIDP,2026-02-25,45,71.12,2530.700
2026-02-25T22:00:00Z,N2EXMIDP,2026-02-25,45,0.00,0.000
2026-02-25T21:30:00Z,APXMIDP,2026-02-25,44,73.01,2924.550
2026-02-25T21:30:00Z,N2EXMIDP,2026-02-25,44,0.00,0.000
2026-02-25T21:00:00Z,APXMIDP,2026-02-25,43,74.71,3321.650
2026-02-25T21:00:00Z,N2EXMIDP,2026-02-25,43,0.00,0.000
2026-02-25T20:30:00Z,APXMIDP,2026-02-25,42,73.40,3468.050
2026-02-25T20:30:00Z,N2EXMIDP,2026-02-25,42,0.00,0.000
2026-02-25T20:00:00Z,APXMIDP,2026-02-25,41,76.61,3871.650
2026-02-25T20:00:00Z,N2EXMIDP,2026-02-25,41,0.00,0.000
2026-02-25T19:30:00Z,APXMIDP,2026-02-25,40,84.65,3606.200
2026-02-25T19:30:00Z,N2EXMIDP,2026-02-25,40,0.00,0.000
2026-02-25T19:00:00Z,APXMIDP,2026-02-25,39,87.25,3500.250
2026-02-25T19:00:00Z,N2EXMIDP,2026-02-25,39,0.00,0.000
2026-02-25T18:30:00Z,APXMIDP,2026-02-25,38,98.50,3590.100
2026-02-25T18:30:00Z,N2EXMIDP,2026-02-25,38,0.00,0.000
2026-02-25T18:00:00Z,APXMIDP,2026-02-25,37,95.40,3710.900
2026-02-25T18:00:00Z,N2EXMIDP,2026-02-25,37,0.00,0.000
2026-02-25T17:30:00Z,APXMIDP,2026-02-25,36,95.41,4079.900
2026-02-25T17:30:00Z,N2EXMIDP,2026-02-25,36,0.00,0.000
2026-02-25T17:00:00Z,APXMIDP,2026-02-25,35,92.47,3741.350
2026-02-25T17:00:00Z,N2EXMIDP,2026-02-25,35,0.00,0.000
2026-02-25T16:30:00Z,APXMIDP,2026-02-25,34,93.21,4166.700
2026-02-25T16:30:00Z,N2EXMIDP,2026-02-25,34,0.00,0.000
2026-02-25T16:00:00Z,APXMIDP,2026-02-25,33,91.66,3252.150
2026-02-25T16:00:00Z,N2EXMIDP,2026-02-25,33,0.00,0.000
2026-02-25T15:30:00Z,APXMIDP,2026-02-25,32,86.42,3381.400
2026-02-25T15:30:00Z,N2EXMIDP,2026-02-25,32,0.00,0.000
2026-02-25T15:00:00Z,APXMIDP,2026-02-25,31,82.28,3402.250
2026-02-25T15:00:00Z,N2EXMIDP,2026-02-25,31,0.00,0.000
2026-02-25T14:30:00Z,APXMIDP,2026-02-25,30,63.84,3404.750
2026-02-25T14:30:00Z,N2EXMIDP,2026-02-25,30,0.00,0.000
2026-02-25T14:00:00Z,APXMIDP,2026-02-25,29,64.36,3167.300
2026-02-25T14:00:00Z,N2EXMIDP,2026-02-25,29,0.00,0.000
2026-02-25T13:30:00Z,APXMIDP,2026-02-25,28,69.72,3121.750
2026-02-25T13:30:00Z,N2EXMIDP,2026-02-25,28,0.00,0.000
2026-02-25T13:00:00Z,APXMIDP,2026-02-25,27,69.19,3257.850
2026-02-25T13:00:00Z,N2EXMIDP,2026-02-25,27,0.00,0.000
2026-02-25T12:30:00Z,APXMIDP,2026-02-25,26,63.00,3042.350
2026-02-25T12:30:00Z,N2EXMIDP,2026-02-25,26,0.00,0.000
2026-02-25T12:00:00Z,APXMIDP,2026-02-25,25,62.83,2403.300
2026-02-25T12:00:00Z,N2EXMIDP,2026-02-25,25,0.00,0.000
2026-02-25T11:30:00Z,APXMIDP,2026-02-25,24,63.91,2248.550
2026-02-25T11:30:00Z,N2EXMIDP,2026-02-25,24,0.00,0.000
2026-02-25T11:00:00Z,APXMIDP,2026-02-25,23,67.83,2101.900
2026-02-25T11:00:00Z,N2EXMIDP,2026-02-25,23,0.00,0.000
2026-02-25T10:30:00Z,APXMIDP,2026-02-25,22,71.47,3335.300
2026-02-25T10:30:00Z,N2EXMIDP,2026-02-25,22,0.00,0.000
2026-02-25T10:00:00Z,APXMIDP,2026-02-25,21,74.95,3363.900
2026-02-25T10:00:00Z,N2EXMIDP,2026-02-25,21,0.00,0.000
2026-02-25T09:30:00Z,APXMIDP,2026-02-25,20,72.68,3479.150
2026-02-25T09:30:00Z,N2EXMIDP,2026-02-25,20,0.00,0.000
2026-02-25T09:00:00Z,APXMIDP,2026-02-25,19,77.72,3296.900
2026-02-25T09:00:00Z,N2EXMIDP,2026-02-25,19,0.00,0.000
2026-02-25T08:30:00Z,APXMIDP,2026-02-25,18,89.82,3854.500
2026-02-25T08:30:00Z,N2EXMIDP,2026-02-25,18,0.00,0.000
2026-02-25T08:00:00Z,APXMIDP,2026-02-25,17,88.40,3587.500
2026-02-25T08:00:00Z,N2EXMIDP,2026-02-25,17,0.00,0.000
2026-02-25T07:30:00Z,APXMIDP,2026-02-25,16,91.46,3157.850
2026-02-25T07:30:00Z,N2EXMIDP,2026-02-25,16,0.00,0.000
2026-02-25T07:00:00Z,APXMIDP,2026-02-25,15,89.49,2979.700
2026-02-25T07:00:00Z,N2EXMIDP,2026-02-25,15,0.00,0.000
2026-02-25T06:30:00Z,APXMIDP,2026-02-25,14,84.66,2259.950
2026-02-25T06:30:00Z,N2EXMIDP,2026-02-25,14,0.00,0.000
2026-02-25T06:00:00Z,APXMIDP,2026-02-25,13,78.91,1715.150
2026-02-25T06:00:00Z,N2EXMIDP,2026-02-25,13,0.00,0.000
2026-02-25T05:30:00Z,APXMIDP,2026-02-25,12,76.14,1692.700
2026-02-25T05:30:00Z,N2EXMIDP,2026-02-25,12,0.00,0.000
2026-02-25T05:00:00Z,APXMIDP,2026-02-25,11,75.47,1796.450
2026-02-25T05:00:00Z,N2EXMIDP,2026-02-25,11,0.00,0.000
2026-02-25T04:30:00Z,APXMIDP,2026-02-25,10,66.61,2753.600
2026-02-25T04:30:00Z,N2EXMIDP,2026-02-25,10,0.00,0.000
2026-02-25T04:00:00Z,APXMIDP,2026-02-25,9,65.71,2587.250
2026-02-25T04:00:00Z,N2EXMIDP,2026-02-25,9,0.00,0.000
2026-02-25T03:30:00Z,APXMIDP,2026-02-25,8,64.76,2244.600
2026-02-25T03:30:00Z,N2EXMIDP,2026-02-25,8,0.00,0.000
2026-02-25T03:00:00Z,APXMIDP,2026-02-25,7,65.04,2357.400
2026-02-25T03:00:00Z,N2EXMIDP,2026-02-25,7,0.00,0.000
2026-02-25T02:30:00Z,APXMIDP,2026-02-25,6,64.66,2620.450
2026-02-25T02:30:00Z,N2EXMIDP,2026-02-25,6,0.00,0.000
2026-02-25T02:00:00Z,APXMIDP,2026-02-25,5,60.92,2485.650
2026-02-25T02:00:00Z,N2EXMIDP,2026-02-25,5,0.00,0.000
2026-02-25T01:30:00Z,APXMIDP,2026-02-25,4,61.58,2638.950
2026-02-25T01:30:00Z,N2EXMIDP,2026-02-25,4,0.00,0.000
2026-02-25T01:00:00Z,APXMIDP,2026-02-25,3,62.54,2492.150
2026-02-25T01:00:00Z,N2EXMIDP,2026-02-25,3,0.00,0.000
2026-02-25T00:30:00Z,APXMIDP,2026-02-25,2,62.02,2441.000
2026-02-25T00:30:00Z,N2EXMIDP,2026-02-25,2,0.00,0.000
2026-02-25T00:00:00Z,APXMIDP,2026-02-25,1,57.95,2204.050
2026-02-25T00:00:00Z,N2EXMIDP,2026-02-25,1,0.00,0.000
2026-02-24T23:30:00Z,APXMIDP,2026-02-24,48,61.99,3246.900
2026-02-24T23:30:00Z,N2EXMIDP,2026-02-24,48,0.00,0.000
2026-02-24T23:00:00Z,APXMIDP,2026-02-24,47,52.96,2186.750
2026-02-24T23:00:00Z,N2EXMIDP,2026-02-24,47,0.00,0.000
2026-02-24T22:30:00Z,APXMIDP,2026-02-24,46,69.09,2858.950
2026-02-24T22:30:00Z,N2EXMIDP,2026-02-24,46,0.00,0.000
2026-02-24T22:00:00Z,APXMIDP,2026-02-24,45,72.61,2844.850
2026-02-24T22:00:00Z,N2EXMIDP,2026-02-24,45,0.00,0.000
2026-02-24T21:30:00Z,APXMIDP,2026-02-24,44,75.61,3164.800
2026-02-24T21:30:00Z,N2EXMIDP,2026-02-24,44,0.00,0.000
2026-02-24T21:00:00Z,APXMIDP,2026-02-24,43,75.64,2919.750
2026-02-24T21:00:00Z,N2EXMIDP,2026-02-24,43,0.00,0.000
2026-02-24T20:30:00Z,APXMIDP,2026-02-24,42,73.79,2641.650
2026-02-24T20:30:00Z,N2EXMIDP,2026-02-24,42,0.00,0.000
2026-02-24T20:00:00Z,APXMIDP,2026-02-24,41,79.44,2937.750
2026-02-24T20:00:00Z,N2EXMIDP,2026-02-24,41,0.00,0.000
2026-02-24T19:30:00Z,APXMIDP,2026-02-24,40,88.04,3219.350
2026-02-24T19:30:00Z,N2EXMIDP,2026-02-24,40,0.00,0.000
2026-02-24T19:00:00Z,APXMIDP,2026-02-24,39,95.30,3027.550
2026-02-24T19:00:00Z,N2EXMIDP,2026-02-24,39,0.00,0.000
2026-02-24T18:30:00Z,APXMIDP,2026-02-24,38,93.15,3446.150
2026-02-24T18:30:00Z,N2EXMIDP,2026-02-24,38,0.00,0.000
2026-02-24T18:00:00Z,APXMIDP,2026-02-24,37,91.89,3669.050
2026-02-24T18:00:00Z,N2EXMIDP,2026-02-24,37,0.00,0.000
2026-02-24T17:30:00Z,APXMIDP,2026-02-24,36,89.27,3774.400
2026-02-24T17:30:00Z,N2EXMIDP,2026-02-24,36,0.00,0.000
2026-02-24T17:00:00Z,APXMIDP,2026-02-24,35,86.03,3472.950
2026-02-24T17:00:00Z,N2EXMIDP,2026-02-24,35,0.00,0.000
2026-02-24T16:30:00Z,APXMIDP,2026-02-24,34,68.05,2617.550
2026-02-24T16:30:00Z,N2EXMIDP,2026-02-24,34,0.00,0.000
2026-02-24T16:00:00Z,APXMIDP,2026-02-24,33,59.89,3500.200
2026-02-24T16:00:00Z,N2EXMIDP,2026-02-24,33,0.00,0.000
2026-02-24T15:30:00Z,APXMIDP,2026-02-24,32,56.38,3345.700
2026-02-24T15:30:00Z,N2EXMIDP,2026-02-24,32,0.00,0.000
2026-02-24T15:00:00Z,APXMIDP,2026-02-24,31,50.70,2591.250
2026-02-24T15:00:00Z,N2EXMIDP,2026-02-24,31,0.00,0.000
2026-02-24T14:30:00Z,APXMIDP,2026-02-24,30,62.97,2626.950
2026-02-24T14:30:00Z,N2EXMIDP,2026-02-24,30,0.00,0.000
2026-02-24T14:00:00Z,APXMIDP,2026-02-24,29,67.32,2277.900
2026-02-24T14:00:00Z,N2EXMIDP,2026-02-24,29,0.00,0.000
2026-02-24T13:30:00Z,APXMIDP,2026-02-24,28,66.09,2467.150
2026-02-24T13:30:00Z,N2EXMIDP,2026-02-24,28,0.00,0.000
2026-02-24T13:00:00Z,APXMIDP,2026-02-24,27,67.26,2403.300
2026-02-24T13:00:00Z,N2EXMIDP,2026-02-24,27,0.00,0.000
2026-02-24T12:30:00Z,APXMIDP,2026-02-24,26,71.10,2331.600
2026-02-24T12:30:00Z,N2EXMIDP,2026-02-24,26,0.00,0.000
2026-02-24T12:00:00Z,APXMIDP,2026-02-24,25,71.61,2310.300
2026-02-24T12:00:00Z,N2EXMIDP,2026-02-24,25,0.00,0.000
2026-02-24T11:30:00Z,APXMIDP,2026-02-24,24,70.40,3809.000
2026-02-24T11:30:00Z,N2EXMIDP,2026-02-24,24,0.00,0.000
2026-02-24T11:00:00Z,APXMIDP,2026-02-24,23,70.23,3351.100
2026-02-24T11:00:00Z,N2EXMIDP,2026-02-24,23,0.00,0.000
2026-02-24T10:30:00Z,APXMIDP,2026-02-24,22,77.01,4161.100
2026-02-24T10:30:00Z,N2EXMIDP,2026-02-24,22,0.00,0.000
2026-02-24T10:00:00Z,APXMIDP,2026-02-24,21,83.83,3473.750
2026-02-24T10:00:00Z,N2EXMIDP,2026-02-24,21,0.00,0.000
2026-02-24T09:30:00Z,APXMIDP,2026-02-24,20,85.58,3898.400
2026-02-24T09:30:00Z,N2EXMIDP,2026-02-24,20,0.00,0.000
2026-02-24T09:00:00Z,APXMIDP,2026-02-24,19,88.85,3645.650
2026-02-24T09:00:00Z,N2EXMIDP,2026-02-24,19,0.00,0.000
2026-02-24T08:30:00Z,APXMIDP,2026-02-24,18,94.44,3546.300
2026-02-24T08:30:00Z,N2EXMIDP,2026-02-24,18,0.00,0.000
2026-02-24T08:00:00Z,APXMIDP,2026-02-24,17,95.67,3520.800
2026-02-24T08:00:00Z,N2EXMIDP,2026-02-24,17,0.00,0.000
2026-02-24T07:30:00Z,APXMIDP,2026-02-24,16,97.93,3372.100
2026-02-24T07:30:00Z,N2EXMIDP,2026-02-24,16,0.00,0.000
2026-02-24T07:00:00Z,APXMIDP,2026-02-24,15,99.02,3357.750
2026-02-24T07:00:00Z,N2EXMIDP,2026-02-24,15,0.00,0.000
2026-02-24T06:30:00Z,APXMIDP,2026-02-24,14,101.05,3250.350
2026-02-24T06:30:00Z,N2EXMIDP,2026-02-24,14,0.00,0.000
2026-02-24T06:00:00Z,APXMIDP,2026-02-24,13,99.64,3216.050
2026-02-24T06:00:00Z,N2EXMIDP,2026-02-24,13,0.00,0.000
2026-02-24T05:30:00Z,APXMIDP,2026-02-24,12,100.70,3156.250
2026-02-24T05:30:00Z,N2EXMIDP,2026-02-24,12,0.00,0.000
2026-02-24T05:00:00Z,APXMIDP,2026-02-24,11,104.56,2799.550
2026-02-24T05:00:00Z,N2EXMIDP,2026-02-24,11,0.00,0.000
2026-02-24T04:30:00Z,APXMIDP,2026-02-24,10,99.14,3242.250
2026-02-24T04:30:00Z,N2EXMIDP,2026-02-24,10,0.00,0.000
2026-02-24T04:00:00Z,APXMIDP,2026-02-24,9,95.90,2932.500
2026-02-24T04:00:00Z,N2EXMIDP,2026-02-24,9,0.00,0.000
2026-02-24T03:30:00Z,APXMIDP,2026-02-24,8,98.08,2806.000
2026-02-24T03:30:00Z,N2EXMIDP,2026-02-24,8,0.00,0.000
2026-02-24T03:00:00Z,APXMIDP,2026-02-24,7,97.81,2170.700
2026-02-24T03:00:00Z,N2EXMIDP,2026-02-24,7,0.00,0.000
2026-02-24T02:30:00Z,APXMIDP,2026-02-24,6,93.41,2781.000
2026-02-24T02:30:00Z,N2EXMIDP,2026-02-24,6,0.00,0.000
2026-02-24T02:00:00Z,APXMIDP,2026-02-24,5,96.55,2673.000
2026-02-24T02:00:00Z,N2EXMIDP,2026-02-24,5,0.00,0.000
2026-02-24T01:30:00Z,APXMIDP,2026-02-24,4,96.37,2200.700
2026-02-24T01:30:00Z,N2EXMIDP,2026-02-24,4,0.00,0.000
2026-02-24T01:00:00Z,APXMIDP,2026-02-24,3,98.88,2434.750
2026-02-24T01:00:00Z,N2EXMIDP,2026-02-24,3,0.00,0.000
2026-02-24T00:30:00Z,APXMIDP,2026-02-24,2,101.09,2038.200
2026-02-24T00:30:00Z,N2EXMIDP,2026-02-24,2,0.00,0.000
2026-02-24T00:00:00Z,APXMIDP,2026-02-24,1,95.67,1732.100
2026-02-24T00:00:00Z,N2EXMIDP,2026-02-24,1,0.00,0.000
2026-02-23T23:30:00Z,APXMIDP,2026-02-23,48,92.10,1756.750
2026-02-23T23:30:00Z,N2EXMIDP,2026-02-23,48,0.00,0.000
2026-02-23T23:00:00Z,APXMIDP,2026-02-23,47,92.85,2070.500
2026-02-23T23:00:00Z,N2EXMIDP,2026-02-23,47,0.00,0.000
2026-02-23T22:30:00Z,APXMIDP,2026-02-23,46,81.67,2977.550
2026-02-23T22:30:00Z,N2EXMIDP,2026-02-23,46,0.00,0.000
2026-02-23T22:00:00Z,APXMIDP,2026-02-23,45,79.79,3210.450
2026-02-23T22:00:00Z,N2EXMIDP,2026-02-23,45,0.00,0.000
2026-02-23T21:30:00Z,APXMIDP,2026-02-23,44,81.61,2661.100
2026-02-23T21:30:00Z,N2EXMIDP,2026-02-23,44,0.00,0.000
2026-02-23T21:00:00Z,APXMIDP,2026-02-23,43,93.25,2770.700
2026-02-23T21:00:00Z,N2EXMIDP,2026-02-23,43,0.00,0.000
2026-02-23T20:30:00Z,APXMIDP,2026-02-23,42,96.58,2634.500
2026-02-23T20:30:00Z,N2EXMIDP,2026-02-23,42,0.00,0.000
2026-02-23T20:00:00Z,APXMIDP,2026-02-23,41,100.96,2655.000
2026-02-23T20:00:00Z,N2EXMIDP,2026-02-23,41,0.00,0.000
2026-02-23T19:30:00Z,APXMIDP,2026-02-23,40,96.15,2106.250
2026-02-23T19:30:00Z,N2EXMIDP,2026-02-23,40,0.00,0.000
2026-02-23T19:00:00Z,APXMIDP,2026-02-23,39,96.87,2556.800
2026-02-23T19:00:00Z,N2EXMIDP,2026-02-23,39,0.00,0.000
2026-02-23T18:30:00Z,APXMIDP,2026-02-23,38,96.19,2893.150
2026-02-23T18:30:00Z,N2EXMIDP,2026-02-23,38,0.00,0.000
2026-02-23T18:00:00Z,APXMIDP,2026-02-23,37,96.19,3176.400
2026-02-23T18:00:00Z,N2EXMIDP,2026-02-23,37,0.00,0.000
2026-02-23T17:30:00Z,APXMIDP,2026-02-23,36,98.13,3407.700
2026-02-23T17:30:00Z,N2EXMIDP,2026-02-23,36,0.00,0.000
2026-02-23T17:00:00Z,APXMIDP,2026-02-23,35,93.78,3406.450
2026-02-23T17:00:00Z,N2EXMIDP,2026-02-23,35,0.00,0.000
2026-02-23T16:30:00Z,APXMIDP,2026-02-23,34,92.96,3362.900
2026-02-23T16:30:00Z,N2EXMIDP,2026-02-23,34,0.00,0.000
2026-02-23T16:00:00Z,APXMIDP,2026-02-23,33,81.16,3202.700
2026-02-23T16:00:00Z,N2EXMIDP,2026-02-23,33,0.00,0.000
2026-02-23T15:30:00Z,APXMIDP,2026-02-23,32,76.05,3129.350
2026-02-23T15:30:00Z,N2EXMIDP,2026-02-23,32,0.00,0.000
2026-02-23T15:00:00Z,APXMIDP,2026-02-23,31,78.93,3342.250
2026-02-23T15:00:00Z,N2EXMIDP,2026-02-23,31,0.00,0.000
2026-02-23T14:30:00Z,APXMIDP,2026-02-23,30,73.15,3443.450
2026-02-23T14:30:00Z,N2EXMIDP,2026-02-23,30,0.00,0.000
2026-02-23T14:00:00Z,APXMIDP,2026-02-23,29,77.73,2917.050
2026-02-23T14:00:00Z,N2EXMIDP,2026-02-23,29,0.00,0.000
2026-02-23T13:30:00Z,APXMIDP,2026-02-23,28,75.61,2618.200
2026-02-23T13:30:00Z,N2EXMIDP,2026-02-23,28,0.00,0.000
2026-02-23T13:00:00Z,APXMIDP,2026-02-23,27,75.06,2465.550
2026-02-23T13:00:00Z,N2EXMIDP,2026-02-23,27,0.00,0.000
2026-02-23T12:30:00Z,APXMIDP,2026-02-23,26,72.69,2810.200
2026-02-23T12:30:00Z,N2EXMIDP,2026-02-23,26,0.00,0.000
2026-02-23T12:00:00Z,APXMIDP,2026-02-23,25,71.76,2388.850
2026-02-23T12:00:00Z,N2EXMIDP,2026-02-23,25,0.00,0.000
